name,url,tags,annotation_img,img_url
a mountain range covered in snow under a blue sky,https://unsplash.com/photos/a-mountain-range-covered-in-snow-under-a-blue-sky-SyfvrXRy28Y,"['jasper', 'canada', 'mountain', 'snow', 'winter', 'ab', 'mountains', 'hill', 'landscape', 'scenery', 'nature', 'outdoors', 'alberta', 'cold', 'Creative Commons images']","Download this HD photo of jasper, canada, mountain, and snow in Jasper, Canada by Davey Gravy (@davey_gravy)","[{'url': 'https://plus.unsplash.com/premium_photo-1672115680958-54438df0ab82?fm=jpg&q=60&w=3000&ixlib=rb-4.0.3&ixid=M3wxMjA3fDB8MHxwaG90by1wYWdlfHx8fGVufDB8fHx8fA%3D%3D', 'path': 'full/9a9f19ac748c743b6b22f4bd9fda99feb35d7deb.jpg', 'checksum': '6292b8eebd9f53bde354e8ec6eb0d4b4', 'status': 'uptodate'}]"
a beach hut sitting on top of a sandy beach,https://unsplash.com/photos/a-beach-hut-sitting-on-top-of-a-sandy-beach-5VaF7hzo4wc,"['hut', 'beach', 'mountains', 'shed', 'wood', 'tas', 'tasmania', 'clouds', 'cloudy', 'cloud', 'mountainside', 'nature', 'outdoors', 'sky', 'shelter', 'horizon', 'indoors', 'interior design', 'countryside', 'rural', 'Backgrounds']",A picture of a shed on the water side on a cloudy day with mountains in the distance,"[{'url': 'https://images.unsplash.com/photo-1687847631776-6f1af4b626fb?fm=jpg&q=60&w=3000&ixlib=rb-4.0.3&ixid=M3wxMjA3fDB8MHxwaG90by1wYWdlfHx8fGVufDB8fHx8fA%3D%3D', 'path': 'full/56f2741cb2548aa4d136ae0b32daab68255c59cb.jpg', 'checksum': 'd8a4c67d119dbc2e9092b5fe89ff8f88', 'status': 'uptodate'}]"
person throwing black and white Canon lens,https://unsplash.com/photos/person-throwing-black-and-white-canon-lens-PVPsGlhs3rU,"['hand', 'mountains', 'nature', 'horizon', 'outdoors', 'sky', 'levitate', 'catch', 'throw', 'canon', 'lens', 'cloud', 'hawaii', 'kauai', 'valley', 'levitation', 'landscapes', 'photography lens', 'landscape', 'lense', 'Backgrounds']",Lens Float 2.0,"[{'url': 'https://images.unsplash.com/photo-1489913876021-4bb2b98c9e76?fm=jpg&q=60&w=3000&ixlib=rb-4.0.3&ixid=M3wxMjA3fDB8MHxwaG90by1wYWdlfHx8fGVufDB8fHx8fA%3D%3D', 'path': 'full/9558197eb059fee96df0e9adaf8a6e70c6cf9be9.jpg', 'checksum': '7157298a21a0d921d85b1630a83a0f67', 'status': 'uptodate'}]"
woman in brown crew neck t-shirt holding blue plastic bottle,https://unsplash.com/photos/woman-in-brown-crew-neck-t-shirt-holding-blue-plastic-bottle-G9chQdcc_Ws,"['woman', 'people', 'cliff', 'mountain', 'female', 'portrait', 'mountains', 'views', 'skylines', 'smile', 'girl', 'curly hair', 'laugh', 'happy', 'nature', 'fog', 'sunset', 'Creative Images', 'tattoo', 'grey', 'Creative Commons images']","Download this free HD photo of woman, people, cliff, and mountain by Brooke Cagle (@brookecagle)","[{'url': 'https://images.unsplash.com/photo-1601934066701-718da32cd34d?fm=jpg&q=60&w=3000&ixlib=rb-4.0.3&ixid=M3wxMjA3fDB8MHxwaG90by1wYWdlfHx8fGVufDB8fHx8fA%3D%3D', 'path': 'full/50a165a0bc398196cc97d1cb117edfabb381e7b7.jpg', 'checksum': 'a48fd19c6a3b282cfd4fea359485dfa5', 'status': 'uptodate'}]"
a large mountain with trees on the side of it,https://unsplash.com/photos/a-large-mountain-with-trees-on-the-side-of-it-xM1VGOvdHYU,"['limestone', 'mountain', 'dolomites', 'mountains', 'HD Wallpapers', 'landscape', 'outdoors', 'nature', 'clouds', 'alps', 'exploring', 'hiking', 'magestic', 'golden hour', 'trees', 'forest', 'cliff', 'Free stock photos']","Download this HD photo of limestone, mountain, dolomites, and mountains by Andrew Spencer (@iam_aspencer)","[{'url': 'https://plus.unsplash.com/premium_photo-1667530834040-9a9ce7f52e96?fm=jpg&q=60&w=3000&ixlib=rb-4.0.3&ixid=M3wxMjA3fDB8MHxwaG90by1wYWdlfHx8fGVufDB8fHx8fA%3D%3D', 'path': 'full/f16b7acb4e5ab9286edcbf6a41e37be7b969a1ef.jpg', 'checksum': '1676a20ee8811f57e6dabd764bed629b', 'status': 'uptodate'}]"
green leafed tree,https://unsplash.com/photos/green-leafed-tree-H2NxLma8uCE,"['mountains', 'grey', 'great smoky mountains', 'united states', 'forest', 'nature', 'outdoors', 'mist', 'moodt', 'Hq Background Images', 'rainy', 'pines', 'HD Wallpapers', 'lush', 'overcast', 'discover', 'natural', 'wanderlust', 'exploring', 'explore', 'Free pictures']","Download this free HD photo of mountains, grey, great smoky mountains, and united states in United States by Will Swann (@wlll)","[{'url': 'https://images.unsplash.com/photo-1518710843675-2540dd79065c?fm=jpg&q=60&w=3000&ixlib=rb-4.0.3&ixid=M3wxMjA3fDB8MHxwaG90by1wYWdlfHx8fGVufDB8fHx8fA%3D%3D', 'path': 'full/49c5130660f634fabb8f577c4a8b28e918aef5e3.jpg', 'checksum': 'c83dba2ed49e4d677f1e8fd38c519603', 'status': 'uptodate'}]"
aerial photography of landscape farm under nimbus clouds,https://unsplash.com/photos/aerial-photography-of-landscape-farm-under-nimbus-clouds-F9f1JeZx9q8,"['iceland', 'mountains', 'reykjavík', 'landscape', 'fjords', 'river', 'houses', 'grey', 'canon', 'canon 6', 'islanda', 'valley', 'greenery', 'canon 6d', 'travel', 'traveling', 'þingvellir', 'aerial view', 'nature', 'outdoors', 'Free pictures']",L’estate islandese,"[{'url': 'https://images.unsplash.com/photo-1516470047996-b6dde636095f?fm=jpg&q=60&w=3000&ixlib=rb-4.0.3&ixid=M3wxMjA3fDB8MHxwaG90by1wYWdlfHx8fGVufDB8fHx8fA%3D%3D', 'path': 'full/3b62d9a5e3d16c0e7c8dcf6516e9b5f59aaf269f.jpg', 'checksum': '69d09db308221f12670e953464642b44', 'status': 'uptodate'}]"
snow capped mountans,https://unsplash.com/photos/snow-capped-mountans-pVATCBKLH8w,"['mountains', 'snow', 'aoraki/mount cook national park', 'new zealand', 'mountain', 'mountain range', 'peak', 'peaks', 'nature', 'golden light', 'landscape', 'grey', 'valley', 'grassland', 'blue sky', 'winter', 'slope', 'steep', 'cook', 'hiking', 'Creative Commons images']","On the road to the home of giants, Mt Aoraki National Park.","[{'url': 'https://images.unsplash.com/photo-1494806812796-244fe51b774d?fm=jpg&q=60&w=3000&ixlib=rb-4.0.3&ixid=M3wxMjA3fDB8MHxwaG90by1wYWdlfHx8fGVufDB8fHx8fA%3D%3D', 'path': 'full/adbc3d0b318e383a37bf995e90aa3f1831818147.jpg', 'checksum': '534fdac861553ec5dcf14e407381aa57', 'status': 'uptodate'}]"
a view of a valley with mountains in the background,https://unsplash.com/photos/a-view-of-a-valley-with-mountains-in-the-background-yIkD6xtaUgk,"['italy', 'mountains', 'open land', 'panoramic', 'tyrol', 'rolling hills', 'grassland', 'meadows', 'outdoors', 'countryside', 'mountain', 'panorama', 'scenery', 'trees', 'sky', 'nature', 'landscape', 'pastures', 'valley', 'italia', 'Free images']","Amazing landscape of Seiser Alm plateau in South Tyrol, the northern province of Italy. Old-school living on the pastures in idyllic cottages.","[{'url': 'https://plus.unsplash.com/premium_photo-1676218968741-8179dd7e533f?fm=jpg&q=60&w=3000&ixlib=rb-4.0.3&ixid=M3wxMjA3fDB8MHxwaG90by1wYWdlfHx8fGVufDB8fHx8fA%3D%3D', 'path': 'full/64828eadf6832847f8abb64c2a2d85e321a16497.jpg', 'checksum': '4f8e1336bc2ed7c07814ef887db7709c', 'status': 'uptodate'}]"
trees near mountain,https://unsplash.com/photos/trees-near-mountain-U2AwijfUNS4,"['mountains', 'ukraine', 'wood', 'trees', 'clouds', 'landscape', 'grey', 'plant', 'tree', 'abies', 'fir', 'nature', 'outdoors', 'conifer', 'weather', 'pine', 'fog', 'mist', 'spruce', 'Free pictures']","Download this free HD photo of mountains, ukraine, wood, and trees in Ukraine by Kseniia Rastvorova (@hixenia)","[{'url': 'https://images.unsplash.com/photo-1566679056462-2075774c8c07?fm=jpg&q=60&w=3000&ixlib=rb-4.0.3&ixid=M3wxMjA3fDB8MHxwaG90by1wYWdlfHx8fGVufDB8fHx8fA%3D%3D', 'path': 'full/ddf75ca663bd6e2069a0ea9c23859f7f4729c21a.jpg', 'checksum': 'e7fa5969e5da82a46b5d819360c29e77', 'status': 'uptodate'}]"
green trees near lake and snow covered mountain during daytime,https://unsplash.com/photos/green-trees-near-lake-and-snow-covered-mountain-during-daytime-3w_hlbOAibU,"['nature', 'outdoors', 'water', 'lake', 'mountain', 'mountains', 'forest', 'explore', 'adventure', 'snow', 'pine', 'conifers', 'trees', 'peaceful', 'plant', 'tree', 'abies', 'fir', 'grey', 'conifer', 'HD Wallpapers']","Download this free HD photo of nature, outdoors, water, and lake by Nathan Dumlao (@nate_dumlao)","[{'url': 'https://images.unsplash.com/photo-1600298882438-de4298571be4?fm=jpg&q=60&w=3000&ixlib=rb-4.0.3&ixid=M3wxMjA3fDB8MHxwaG90by1wYWdlfHx8fGVufDB8fHx8fA%3D%3D', 'path': 'full/c7443dec35b05db0aec96024cc7e4759158b0669.jpg', 'checksum': '7b7087df471b9adc514647c763266473', 'status': 'uptodate'}]"
green trees near snow covered mountain during daytime,https://unsplash.com/photos/green-trees-near-snow-covered-mountain-during-daytime-q3YZ4g7j9yc,"['nature', 'outdoors', 'water', 'pine', 'mountain', 'lake', 'mountains', 'view', 'snow', 'conifers', 'trees', 'peaceful', 'forest', 'explore', 'adventure', 'plant', 'tree', 'abies', 'fir', 'conifer', 'Public domain images']","Download this free HD photo of nature, outdoors, water, and pine by Nathan Dumlao (@nate_dumlao)","[{'url': 'https://images.unsplash.com/photo-1600298882525-1ac025c98b68?fm=jpg&q=60&w=3000&ixlib=rb-4.0.3&ixid=M3wxMjA3fDB8MHxwaG90by1wYWdlfHx8fGVufDB8fHx8fA%3D%3D', 'path': 'full/407fe247b2f20f3d3bc34a7021b2f36756021171.jpg', 'checksum': 'ff72642f8adc2d27238dd8c3991bc9d1', 'status': 'uptodate'}]"
brown rocky mountain under white sky during daytime,https://unsplash.com/photos/brown-rocky-mountain-under-white-sky-during-daytime-6oy7dRod-f8,"['mountain', 'nature', 'outdoors', 'peaceful', 'water', 'lake', 'forest', 'explore', 'adventure', 'mountains', 'pine', 'conifers', 'trees', 'grey', 'valley', 'canyon', 'cliff', 'plateau', 'Free images']",PORTRAITS INSTAGRAM - @LGNWVRPRTRTS  EDITORIAL INSTAGRAM - @LGNWVRPHTO  PERSONAL INSTAGRAM - @LGNWVR,"[{'url': 'https://images.unsplash.com/photo-1600271772470-bd22a42787b3?fm=jpg&q=60&w=3000&ixlib=rb-4.0.3&ixid=M3wxMjA3fDB8MHxwaG90by1wYWdlfHx8fGVufDB8fHx8fA%3D%3D', 'path': 'full/4c16d06b1b274283c8d1d38013b0d137f053ffa1.jpg', 'checksum': 'ca8aac9985c3155a2bdc01474c7fc1b0', 'status': 'uptodate'}]"
a snowy mountain range,https://unsplash.com/photos/a-snowy-mountain-range-RbfutbS50gk,"['fond d’écran', 'desktop', 'mountains', 'mountain']",Dark sunrise in the mountains on a cold winter morning.,"[{'url': 'https://plus.unsplash.com/premium_photo-1669819813174-ebba575c8810?fm=jpg&q=60&w=3000&ixlib=rb-4.0.3&ixid=M3wxMjA3fDB8MHxwaG90by1wYWdlfHx8fGVufDB8fHx8fA%3D%3D', 'path': 'full/41d721c0ab16cf40d0997e99349f67217f0ba666.jpg', 'checksum': '8309934c803d7c307d35ff1781cf288d', 'status': 'uptodate'}]"
a view from inside a car of mountains and a lake,https://unsplash.com/photos/a-view-from-inside-a-car-of-mountains-and-a-lake-s2F89mMhbVw,"['spain', 'mountains', 'travel', 'los barrios de luna', 'landscape', 'window', 'perfection', 'nature', 'sunny', 'cartravel', 'transport', 'outdoors', 'silhouette', 'vacation', 'holiday', 'summer', 'trees', 'lake', 'view', '#window', 'Public domain images']","Download this free HD photo of spain, mountains, travel, and los barrios de luna in Los Barrios de Luna, Spain by Sara Riaño (@sararp)","[{'url': 'https://images.unsplash.com/photo-1519743521-6d60422a9c2d?fm=jpg&q=60&w=3000&ixlib=rb-4.0.3&ixid=M3wxMjA3fDB8MHxwaG90by1wYWdlfHx8fGVufDB8fHx8fA%3D%3D', 'path': 'full/e598036c01ac34cf40c47e761e31b177343a0e4f.jpg', 'checksum': '38cd576700dfbd83ffaa6f5979f3b0e0', 'status': 'uptodate'}]"
a couple of houses on a beach,https://unsplash.com/photos/a-couple-of-houses-on-a-beach-_6auLfoMDHk,"['iceland', 'mountains', 'vik', 'nature', 'house', 'landscape', 'fog', 'winter', 'outdoors', 'housing', 'countryside', 'Free stock photos']",Winter in Iceland.,"[{'url': 'https://images.unsplash.com/photo-1670414701148-16ac8873a150?fm=jpg&q=60&w=3000&ixlib=rb-4.0.3&ixid=M3wxMjA3fDB8MHxwaG90by1wYWdlfHx8fGVufDB8fHx8fA%3D%3D', 'path': 'full/5aabedd2dc62819955f34fd7466fbd5a4b3a8eed.jpg', 'checksum': 'c1e802b7c6640bd022b7d988b226b84d', 'status': 'uptodate'}]"
an empty road in the middle of a mountain range,https://unsplash.com/photos/an-empty-road-in-the-middle-of-a-mountain-range-dqe2OsRGbyU,"['canada', 'jasper', 'mountains', 'ab', 'road', 'alberta', 'journey', 'overcast', 'horizon', 'nature', 'dirt road', 'gravel', 'outdoors', 'wilderness', 'soil', 'ground', 'plateau', 'mesa', 'path', 'Public domain images']","Download this free HD photo of canada, jasper, mountains, and ab in Jasper, Canada by Ed Phillips (@foxhopper)","[{'url': 'https://images.unsplash.com/photo-1623156080307-9ed1f7775be1?fm=jpg&q=60&w=3000&ixlib=rb-4.0.3&ixid=M3wxMjA3fDB8MHxwaG90by1wYWdlfHx8fGVufDB8fHx8fA%3D%3D', 'path': 'full/5612d5f5d7272a8cd99b2e1cebeb7b57c1b534d1.jpg', 'checksum': 'a5104f3c5c991b9997337e16ec01299f', 'status': 'uptodate'}]"
a mountain covered in snow under a cloudy sky,https://unsplash.com/photos/a-mountain-covered-in-snow-under-a-cloudy-sky-jZt3f3zTA5o,"['canada', 'snow', 'mountain', 'winter', 'jasper', 'ab', 'snow hill', 'canada winter', 'mountains', 'hill', 'outdoors', 'landscape', 'nature', 'scenery', 'alberta', 'cold', 'Creative Commons images']","Download this HD photo of canada, snow, mountain, and winter in Jasper, Canada by Davey Gravy (@davey_gravy)","[{'url': 'https://plus.unsplash.com/premium_photo-1672115681150-cce7a518bba1?fm=jpg&q=60&w=3000&ixlib=rb-4.0.3&ixid=M3wxMjA3fDB8MHxwaG90by1wYWdlfHx8fGVufDB8fHx8fA%3D%3D', 'path': 'full/2e80b793e8acb719c37fe145488d2703e340d05c.jpg', 'checksum': 'c2a9b6076bd4a155805e2af2b898969a', 'status': 'uptodate'}]"
A red car parked in front of a building,https://unsplash.com/photos/a-red-car-parked-in-front-of-a-building-QJauQE81jU4,"['north hatley', 'qc', 'canada', 'fall', 'fall 2024', 'lake massawippi', 'eastern townships', 'trees', 'water', 'mountains', 'landscapes', 'sunny sky', 'sun', 'blue sky', 'fall colours', 'fall rapshody', 'nature', 'travel', 'automobile', 'car', 'Backgrounds']","Download this free HD photo of north hatley, qc, canada, and fall by Frederick Wallace (@skirebel)","[{'url': 'https://images.unsplash.com/photo-1729556227126-452c221f1ef4?fm=jpg&q=60&w=3000&ixlib=rb-4.0.3&ixid=M3wxMjA3fDB8MHxwaG90by1wYWdlfHx8fGVufDB8fHx8fA%3D%3D', 'path': 'full/cfe095e6470c584902123e302d8eb3c819a04af4.jpg', 'checksum': 'b099474a3f32871e5533d834b904de7a', 'status': 'uptodate'}]"
woman in white shirt and black pants standing on rocky mountain during daytime,https://unsplash.com/photos/woman-in-white-shirt-and-black-pants-standing-on-rocky-mountain-during-daytime-DlgFZG0MvaU,"['wellness', 'mountains', 'sunset', 'woman', 'fitness', 'divčibare', 'serbia', 'landscape', 'walking', 'hiking', 'invigorated', 'sunrise', 'female', 'happy', 'human', 'person', 'outdoors', 'exercise', 'sport', 'sports', 'Backgrounds']","A woman standing in front of the sunset, with arms wide open, soaking energy, feeling happy, invigorated, motivated. Divčibare, Serbia.","[{'url': 'https://images.unsplash.com/photo-1598601065215-751bf8798a2c?fm=jpg&q=60&w=3000&ixlib=rb-4.0.3&ixid=M3wxMjA3fDB8MHxwaG90by1wYWdlfHx8fGVufDB8fHx8fA%3D%3D', 'path': 'full/16f9e8ef1221a7ade7ac7af2758104d01b5a0b7e.jpg', 'checksum': '58c0a95a67db566d85610004ce8a1e47', 'status': 'uptodate'}]"
